IOC, Last Seen, IronRadar Detections, Secondary Source
45.66.230.237, 2023-06-27, Meterpreter, Sophos
74.201.28.103, 2023-05-10, Meterpreter, Sophos
85.208.136.13, 2023-05-10, Metasploit/Meterpreter, Sophos
87.121.221.218, 2023-07-12, Meterpreter, Sophos
104.234.11.121, 2023-06-10, Meterpreter, Sophos
104.234.11.236, 2023-06-08, Meterpreter, Sophos
104.234.11.236, 2023-06-08, Meterpreter, Sophos
104.234.147.11, 2023-06-17, Meterpreter, Sophos
141.98.6.95, 2023-06-27, Meterpreter, Sophos
141.98.6.96, 2023-06-27, Meterpreter, Sophos
157.254.195.53, 2023-04-24, Meterpreter, Sophos
157.254.195.83, 2023-06-10, Meterpreter, Sophos
157.254.195.108, 2023-05-29, Meterpreter, Sophos
157.254.195.210, 2023-07-12, Meterpreter, Sophos
166.0.94.216, 2023-07-09, Meterpreter, Sophos
167.88.164.95, 2023-07-12, Meterpreter, Sophos
167.88.164.130, 2023-06-11, Meterpreter, Sophos
167.88.165.18, 2023-07-12, Meterpreter, Sophos
185.246.222.15, 2023-05-26, Meterpreter, Sophos
185.254.37.216, 2023-05-24, Meterpreter/Sliver, Sophos
185.254.37.217, 2023-05-24, Meterpreter, Sophos
23.227.196.140, 2023-06-20, Cobalt Strike, Sophos
45.61.128.133, 2023-07-09, Meterpreter, Sophos
45.66.230.215, 2023-06-20, Cobalt Strike, Sophos/TrendMicro
45.66.230.216, 2023-06-20, Cobalt Strike, Sophos
45.81.39.175, 2023-06-20, Cobalt Strike, Sophos/TrendMicro
104.234.11.226,2023-06-15,Cobalt Strike, TrendMicro
141.98.6.56,2023-05-21,Cobalt Strike, TrendMicro
166.0.95.43,2023-06-15,Cobalt Strike, TrendMicro
167.88.164.91,2023-05-21,Cobalt Strike, TrendMicro
193.42.32.143,2023-08-09,Cobalt Strike, TrendMicro
45.12.253.51,2023-05-21,Cobalt Strike, TrendMicro
45.81.39.176,2023-06-20,Cobalt Strike, TrendMicro
84.54.50.116,2023-05-26,Cobalt Strike, TrendMicro
85.217.144.233,2023-07-13,Cobalt Strike, TrendMicro
aleagroupdevelopment.com,2023-06-15,Cobalt Strike, TrendMicro
azurecloudup.online,2023-05-26,Cobalt Strike, TrendMicro
cloudupdateservice.online,2023-08-09,Cobalt Strike, TrendMicro
devnetapp.com,2023-06-25,Cobalt Strike, TrendMicro
situotech.com,2023-05-22,Cobalt Strike, TrendMicro
23.227.203.241,2023-06-08,Meterpreter, Threat Intel Partner
141.98.6.56,2023-05-21,Cobalt Strike, Threat Intel Partner
45.61.129.106, 2023-06-16, Cobalt Strike, IronRadar Clustering
212.193.30.14, 2023-01-30, Cobalt Strike, IronRadar Clustering
